Orbit,SK outer in,SK inner in,MP outer in,MP inner in,MP inner out,MP outer out,SK inner out,SK outer out
1,2011-03-23 23:46:56,2011-03-23 23:59:55,2011-03-24 01:10:02,2011-03-24 01:14:00,2011-03-24 02:14:45,2011-03-24 02:15:35,2011-03-24 04:35:07,2011-03-24 04:38:09
2,2011-03-24 12:18:59,2011-03-24 12:46:44,2011-03-24 13:21:46,2011-03-24 13:23:40,2011-03-24 14:13:52,2011-03-24 14:19:17,2011-03-24 14:45:20,2011-03-24 14:49:16
3,2011-03-25 01:00:04,2011-03-25 01:00:40,2011-03-25 01:19:48,2011-03-25 01:21:54,2011-03-25 02:18:19,2011-03-25 02:21:33,2011-03-25 03:30:23,2011-03-25 03:31:53
4,2011-03-25 13:04:25,2011-03-25 13:06:19,2011-03-25 13:27:39,2011-03-25 13:30:53,2011-03-25 14:29:58,2011-03-25 14:31:24,2011-03-25 15:03:53,2011-03-25 15:15:19
5,2011-03-26 01:19:14,2011-03-26 01:19:24,2011-03-26 01:34:50,2011-03-26 01:35:35,2011-03-26 02:34:27,2011-03-26 02:47:28,2011-03-26 03:14:19,2011-03-26 03:17:48
6,2011-03-26 13:20:03,2011-03-26 13:24:45,2011-03-26 13:36:23,2011-03-26 13:38:13,2011-03-26 14:37:58,2011-03-26 14:40:31,2011-03-26 15:08:21,2011-03-26 15:10:02
7,2011-03-27 01:30:33,2011-03-27 01:30:42,2011-03-27 01:42:49,2011-03-27 01:43:13,2011-03-27 02:46:04,2011-03-27 02:46:15,2011-03-27 04:30:39,2011-03-27 05:03:40
8,2011-03-27 13:31:50,2011-03-27 13:32:12,2011-03-27 13:41:37,2011-03-27 13:44:04,2011-03-27 14:48:33,2011-03-27 14:53:56,2011-03-27 15:28:30,2011-03-27 15:32:45
9,2011-03-28 01:35:05,2011-03-28 01:35:14,2011-03-28 01:56:13,2011-03-28 01:58:52,2011-03-28 02:48:34,2011-03-28 02:51:03,2011-03-28 03:33:02,2011-03-28 03:33:05
10,2011-03-28 13:45:03,2011-03-28 13:45:13,2011-03-28 13:59:52,2011-03-28 14:00:03,2011-03-28 15:00:52,2011-03-28 15:02:12,2011-03-28 15:30:26,2011-03-28 15:49:45
11,2011-03-29 01:50:50,2011-03-29 01:51:04,2011-03-29 02:00:00,2011-03-29 02:01:05,2011-03-29 03:05:44,2011-03-29 03:06:12,2011-03-29 03:52:39,2011-03-29 03:54:59
12,2011-03-29 13:48:36,2011-03-29 13:48:47,2011-03-29 14:06:47,2011-03-29 14:09:34,2011-03-29 15:06:33,2011-03-29 15:08:28,2011-03-29 15:58:34,2011-03-29 16:03:21
13,2011-03-30 01:55:34,2011-03-30 01:55:42,2011-03-30 02:11:10,2011-03-30 02:12:56,2011-03-30 03:14:59,2011-03-30 03:16:28,2011-03-30 03:57:26,2011-03-30 04:02:59
14,2011-03-30 13:56:10,2011-03-30 13:56:24,2011-03-30 14:14:22,2011-03-30 14:18:31,2011-03-30 15:23:59,2011-03-30 15:26:58,2011-03-30 16:01:29,2011-03-30 16:09:41
15,2011-03-31 02:03:23,2011-03-31 02:12:08,2011-03-31 02:09:36,2011-03-31 02:11:52,2011-03-31 03:41:26,2011-03-31 03:53:41,2011-03-31 04:30:33,2011-03-31 04:47:33
16,2011-03-31 13:53:39,2011-03-31 13:59:03,2011-03-31 14:17:59,2011-03-31 14:20:15,2011-03-31 15:33:40,2011-03-31 15:40:30,2011-03-31 16:39:57,2011-03-31 16:58:21
17,2011-04-01 01:38:47,2011-04-01 01:43:27,2011-04-01 02:19:37,2011-04-01 02:21:00,2011-04-01 03:50:26,2011-04-01 04:11:15,2011-04-01 06:10:26,2011-04-01 06:47:28
18,2011-04-01 13:35:00,2011-04-01 13:51:55,2011-04-01 14:21:15,2011-04-01 14:21:45,2011-04-01 15:45:16,2011-04-01 15:59:10,2011-04-01 18:09:07,2011-04-01 19:11:29
19,2011-04-02 00:59:18,2011-04-02 00:59:30,2011-04-02 02:22:45,2011-04-02 02:24:04,2011-04-02 03:54:41,2011-04-02 04:21:30,2011-04-02 06:28:41,2011-04-02 06:34:50
20,2011-04-02 13:54:58,2011-04-02 14:01:20,2011-04-02 14:36:25,2011-04-02 14:38:57,2011-04-02 15:49:56,2011-04-02 15:52:20,2011-04-02 19:00:27,2011-04-02 19:01:31
21,2011-04-03 02:12:12,2011-04-03 02:12:38,2011-04-03 02:27:23,2011-04-03 02:27:47,2011-04-03 04:02:00,2011-04-03 04:14:18,2011-04-03 06:20:02,2011-04-03 06:38:54
22,2011-04-03 14:24:09,2011-04-03 14:24:23,2011-04-03 14:47:57,2011-04-03 14:48:10,2011-04-03 16:01:58,2011-04-03 16:04:30,2011-04-03 17:29:07,2011-04-03 17:43:19
23,2011-04-04 02:36:58,2011-04-04 02:39:53,2011-04-04 02:50:32,2011-04-04 02:54:21,2011-04-04 04:10:00,2011-04-04 04:11:56,2011-04-04 05:27:34,2011-04-04 05:35:22
24,2011-04-04 14:51:29,2011-04-04 14:52:48,2011-04-04 15:03:12,2011-04-04 15:03:56,2011-04-04 16:15:01,2011-04-04 16:15:17,2011-04-04 16:58:46,2011-04-04 16:58:54
25,,,,,,,,
26,,,,,,,,
27,2011-04-06 02:59:34,2011-04-06 03:02:40,2011-04-06 03:14:39,2011-04-06 03:16:36,2011-04-06 04:30:08,2011-04-06 04:30:37,2011-04-06 04:59:06,2011-04-06 05:05:54
28,2011-04-06 15:05:17,2011-04-06 15:05:25,2011-04-06 15:14:04,2011-04-06 15:14:58,2011-04-06 16:33:27,2011-04-06 16:35:00,2011-04-06 17:07:16,2011-04-06 17:18:20
29,2011-04-07 03:07:08,2011-04-07 03:10:07,2011-04-07 03:19:34,2011-04-07 03:19:45,2011-04-07 04:47:32,2011-04-07 04:48:10,2011-04-07 05:14:51,2011-04-07 05:28:15
30,2011-04-07 15:15:58,2011-04-07 15:16:26,2011-04-07 15:24:42,2011-04-07 15:26:14,2011-04-07 16:45:40,2011-04-07 16:46:28,2011-04-07 17:06:52,2011-04-07 17:19:31
31,2011-04-08 03:20:48,2011-04-08 03:21:34,2011-04-08 03:30:04,2011-04-08 03:32:46,2011-04-08 04:47:57,2011-04-08 04:50:24,2011-04-08 05:20:24,2011-04-08 05:26:03
32,2011-04-08 15:25:15,2011-04-08 15:26:59,2011-04-08 15:36:30,2011-04-08 15:36:59,2011-04-08 16:44:34,2011-04-08 16:44:55,2011-04-08 17:27:19,2011-04-08 17:28:24
33,2011-04-09 03:28:36,2011-04-09 03:29:51,2011-04-09 03:40:15,2011-04-09 03:41:48,2011-04-09 04:51:46,2011-04-09 04:54:17,2011-04-09 05:33:41,2011-04-09 06:03:18
34,2011-04-09 15:38:26,2011-04-09 15:38:34,2011-04-09 15:53:40,2011-04-09 15:54:10,2011-04-09 16:55:32,2011-04-09 17:04:29,2011-04-09 17:33:06,2011-04-09 17:33:12
35,2011-04-10 03:39:08,2011-04-10 03:39:21,2011-04-10 03:55:33,2011-04-10 03:58:10,2011-04-10 05:00:40,2011-04-10 05:01:24,2011-04-10 05:39:29,2011-04-10 05:45:29
36,2011-04-10 15:42:39,2011-04-10 15:44:26,2011-04-10 15:53:03,2011-04-10 15:56:10,2011-04-10 17:02:45,2011-04-10 17:03:57,2011-04-10 17:52:48,2011-04-10 17:58:02
37,2011-04-11 03:46:20,2011-04-11 03:46:29,2011-04-11 04:01:08,2011-04-11 04:04:38,2011-04-11 05:16:14,2011-04-11 05:17:48,2011-04-11 05:40:49,2011-04-11 06:04:37
38,2011-04-11 15:49:50,2011-04-11 15:51:17,2011-04-11 15:59:17,2011-04-11 16:01:25,2011-04-11 17:22:57,2011-04-11 17:23:15,2011-04-11 17:56:57,2011-04-11 18:07:25
39,2011-04-12 03:52:31,2011-04-12 03:54:14,2011-04-12 04:03:48,2011-04-12 04:05:10,2011-04-12 05:27:52,2011-04-12 05:31:45,2011-04-12 06:17:38,2011-04-12 06:18:25
40,2011-04-12 15:55:54,2011-04-12 15:59:14,2011-04-12 16:06:08,2011-04-12 16:06:39,2011-04-12 17:29:53,2011-04-12 17:34:32,2011-04-12 18:18:11,2011-04-12 18:22:43
41,2011-04-13 04:11:10,2011-04-13 04:11:32,2011-04-13 04:19:09,2011-04-13 04:21:56,2011-04-13 05:29:30,2011-04-13 05:31:18,2011-04-13 06:15:24,2011-04-13 06:18:47
42,2011-04-13 16:08:51,2011-04-13 16:09:40,2011-04-13 16:18:59,2011-04-13 16:20:17,2011-04-13 17:36:39,2011-04-13 17:39:18,2011-04-13 18:09:36,2011-04-13 18:12:19
43,2011-04-14 04:13:22,2011-04-14 04:13:49,2011-04-14 04:23:02,2011-04-14 04:23:34,2011-04-14 05:31:25,2011-04-14 05:36:48,2011-04-14 06:05:28,2011-04-14 06:05:48
44,2011-04-14 16:09:59,2011-04-14 16:14:28,2011-04-14 16:24:40,2011-04-14 16:26:08,2011-04-14 17:42:10,2011-04-14 17:43:24,2011-04-14 18:30:14,2011-04-14 18:30:22
45,2011-04-15 04:15:44,2011-04-15 04:17:56,2011-04-15 04:35:46,2011-04-15 04:36:26,2011-04-15 05:49:33,2011-04-15 05:50:09,2011-04-15 06:32:09,2011-04-15 06:32:14
46,2011-04-15 16:19:48,2011-04-15 16:22:48,2011-04-15 16:34:40,2011-04-15 16:37:27,2011-04-15 17:49:15,2011-04-15 17:53:46,2011-04-15 18:33:58,2011-04-15 18:34:11
47,2011-04-16 04:33:17,2011-04-16 04:34:15,2011-04-16 04:40:16,2011-04-16 04:44:40,2011-04-16 05:43:32,2011-04-16 05:44:49,2011-04-16 06:29:47,2011-04-16 06:29:58
48,2011-04-16 16:35:44,2011-04-16 16:36:01,2011-04-16 16:47:50,2011-04-16 16:52:22,2011-04-16 17:50:49,2011-04-16 17:51:07,2011-04-16 18:35:05,2011-04-16 18:36:09
49,2011-04-17 04:37:00,2011-04-17 04:37:16,2011-04-17 04:48:48,2011-04-17 04:50:18,2011-04-17 06:05:40,2011-04-17 06:11:17,2011-04-17 06:53:46,2011-04-17 06:59:48
50,2011-04-17 16:37:34,2011-04-17 16:37:45,2011-04-17 16:51:21,2011-04-17 16:54:23,2011-04-17 18:07:50,2011-04-17 18:14:31,2011-04-17 18:54:21,2011-04-17 19:06:23
